"Table","Column","Data Type","Non-Null Count","Total Rows","Distinct Values","Sample Values","Definition","Finance Team Comments"
"bank_receipt_from_pg","S.no","DOUBLE","306","358","306","12.0; 35.0; 50.0","Serial number / row index for the bank deposit entries",""
"bank_receipt_from_pg","Transaction","TIMESTAMP_NS","358","358","355","2025-04-06 00:00:00; 2025-04-15 00:00:00; 2025-05-06 00:00:00","Date of the bank deposit transaction (when funds were received in Wiom's bank account)",""
"bank_receipt_from_pg","Month","VARCHAR","358","358","12","Nov-25; Jan-26; Dec-25","Month-Year label for the bank deposit (MMM-YY format)",""
"bank_receipt_from_pg","Transaction Remarks","VARCHAR","358","358","358","RTGS/UTIBH25101206801/PAYTM PAYMENTS SERVICES LIMI; RTGS/UTIBH25109000852/PAYTM PAYMENTS SERVICES LIMI; RTGS/UTIBH25112000779/PAYTM PAYMENTS SERVICES LIMI","Bank narration / RTGS reference for the deposit — contains remitter details and RTGS codes",""
"bank_receipt_from_pg","Payment Gateway","VARCHAR","358","358","1","01 Paytm-Wallet (WIOM Gold)","Name of the payment gateway that sent the settlement (currently all Paytm)",""
"bank_receipt_from_pg","Deposit Amt(INR)","DOUBLE","358","358","358","1162994.15; 1279900.95; 1811782.53","Amount deposited into Wiom's bank account in INR (settlement amount from PG)",""
"juspay_refunds","customer_id","VARCHAR","20179","20179","18915","9873839805; 9639525334; 9911809145_1762169005","Customer identifier — typically the customer's mobile number",""
"juspay_refunds","txn_uuid","VARCHAR","20179","20179","20172","mozcD62y5LGHznuSSgh; mozsQc1uMMxDKoEeEEr; moz4Q9dNh2kHHR87ZRv","Juspay unique transaction UUID of the original payment being refunded",""
"juspay_refunds","refund_initiated_by","VARCHAR","20179","20179","9","wiom_rutuj; AUTO_REFUNDED; wiom_shail","Who initiated the refund — Wiom team member name or AUTO_REFUNDED (system-initiated)",""
"juspay_refunds","order_amount","BIGINT","20179","20179","264","538; 23; 299","Original order amount in INR",""
"juspay_refunds","order_created","VARCHAR","20179","20179","20108","2025-11-26T19:22:07; 2025-11-26T11:09:36; 2025-11-29T10:16:29","Timestamp when the original order was created",""
"juspay_refunds","order_id","VARCHAR","20179","20179","20172","custGen_8527998315_186328327_1; custGen_9639525334_186484806_0; custGen_8800364706_185523330_1","Wiom's order ID for the original transaction",""
"juspay_refunds","currency","VARCHAR","20179","20179","1","INR","Transaction currency (always INR)",""
"juspay_refunds","order_status","VARCHAR","20179","20179","1","SUCCESS","Status of the original order (all SUCCESS since refunds are on completed orders)",""
"juspay_refunds","order_type","VARCHAR","20179","20179","3","MANDATE_REGISTER; MANDATE_PAYMENT; ORDER_PAYMENT","Type of the original order being refunded",""
"juspay_refunds","payment_gateway","VARCHAR","20179","20179","4","PAYTM_V2; PAYU; PHONEPE","Payment gateway that processed the original payment",""
"juspay_refunds","payment_method_subtype","VARCHAR","20131","20179","4","UPI_COLLECT; UPI_PAY; UPI_QR","Payment method subtype — UPI_QR (scan to pay)",""
"juspay_refunds","refund_amount","BIGINT","20179","20179","382","538; 330; 23","Amount refunded to customer in INR",""
"juspay_refunds","refund_arn","DOUBLE","20174","20179","20166","533506393964.0; 533500342691.0; 533500341929.0","Acquirer Reference Number for the refund — bank's unique refund tracking ID",""
"juspay_refunds","refund_date","VARCHAR","20179","20179","19091","2025-12-01T08:26:20; 2025-12-01T09:41:06; 2025-12-01T11:11:50","Timestamp when the refund was initiated",""
"juspay_refunds","pg_error_message","VARCHAR","20179","20179","4","SUCCESS; Refund Successfull; Refund Request Queued","Payment gateway's response message for the refund",""
"juspay_refunds","refund_ref_id","VARCHAR","20179","20179","20179","custWgSubs_9289252516_186625194_1_1764553358668; custWgSubs_9867246266_186625226_0_1764553519149; custGen_7891619898_186665891_0_1764570040257","Wiom's unique refund reference ID (format: {order_id}_{timestamp})",""
"juspay_refunds","pg_error_code","VARCHAR","20179","20179","5","processed; SUCCESS; PAYMENT_SUCCESS","Payment gateway's error/response code for the refund",""
"juspay_refunds","refund_rrn","VARCHAR","18984","20179","18983","26173396920; 533506442331; 533506452071","Retrieval Reference Number — bank's reference for tracking the refund",""
"juspay_refunds","refund_success_at","VARCHAR","20179","20179","19066","2025-12-01T00:52:58; 2025-12-01T06:33:34; 2025-12-01T10:06:56","Timestamp when the refund was successfully processed",""
"juspay_refunds","refund_total_amount","BIGINT","20179","20179","378","291; 219; 298","Total cumulative refund amount against the original order",""
"juspay_refunds","refund_type","VARCHAR","20179","20179","1","STANDARD","Type of refund (all STANDARD — full or partial refund via standard process)",""
"juspay_refunds","refund_unique_id","VARCHAR","20179","20179","20179","custWgSubs_9899259072_186620217_1_1764548301277; custGen_8877701095_185505350_0_1764552853614; custWgSubs_8285901900_186625016_1_1764552910325","Globally unique refund identifier",""
"juspay_refunds","refund_updated","VARCHAR","20179","20179","19156","2025-12-01T00:52:58; 2025-12-01T06:33:34; 2025-12-01T10:06:56","Timestamp when refund record was last updated",""
"juspay_refunds","refund_status","VARCHAR","20179","20179","2","SUCCESS; PENDING","Current status of the refund — SUCCESS (completed) or PENDING (in progress)",""
"juspay_refunds","refund_txn_id","VARCHAR","20179","20179","20172","wiom-custGen_8570084519_185480350_0-1; wiom-custGen_7042075567_185481257_0-1; wiom-custWgSubs_8383078663_186625582_0-1","Transaction ID of the original payment being refunded (Wiom's merchant reference)",""
"juspay_refunds","txn_status","VARCHAR","20179","20179","2","AUTO_REFUNDED; CHARGED","Original transaction status — AUTO_REFUNDED (system auto-refund) or CHARGED (manual refund on charged txn)",""
"juspay_refunds","refund_irn","VARCHAR","20179","20179","20179","hs_6874b2b697c64f438508a4931636c9c0; hs_6fac00a2a902481ea3a8cc32376c1285; hs_eab2200d7e6342768af23709bfb313e3","Internal Refund Number — Juspay's internal unique refund identifier",""
"juspay_refunds","udf2","VARCHAR","19093","20179","2","stage; prod","Environment flag — prod (production) or stage (staging/test)",""
"juspay_refunds","udf3","VARCHAR","19025","20179","6","Mobile_Recharges; OTT_WiomNet; WiomNet","Product/service category of the original transaction",""
"juspay_refunds","udf4","VARCHAR","19000","20179","6","UPI_Apps; UPI_APPS; Web_Link","Channel through which the original payment was made",""
"juspay_transactions","order_type","VARCHAR","1096610","1096610","3","MANDATE_PAYMENT; MANDATE_REGISTER; ORDER_PAYMENT","Type of Juspay order — ORDER_PAYMENT (one-time payment)",""
"juspay_transactions","return_url","VARCHAR","1096610","1096610","322","https://ott.wiom.in/afterpayment?mobile=9267937914; https://ott.wiom.in/afterpayment?mobile=9716710304; https://ott.wiom.in/afterpayment?mobile=9205511274","Callback URL where user is redirected after payment completion",""
"juspay_transactions","customer_id","VARCHAR","1096610","1096610","352346","9654476904; 8920735393; 8279354290","Customer identifier — typically the customer's mobile number",""
"juspay_transactions","debit_amount","DOUBLE","140526","1096610","571","492.0; 600.0; 533.0","Actual amount debited from customer's account (only populated for successful txns)",""
"juspay_transactions","status_sync_source","VARCHAR","1096578","1096610","6","ASN_FORCE_SYNC_V1; WEBHOOKS; PT_SYNC","How the payment status was synced — WEBHOOKS (real-time)",""
"juspay_transactions","epg_txn_id","VARCHAR","1096583","1096610","1096583","20260219210430000231170408837819323; 20260217210520000230613839373685947; pay_SHb4nQn0Uf5p6m","Electronic Payment Gateway transaction ID — unique identifier from the downstream PG",""
"juspay_transactions","txn_object_type","VARCHAR","1096610","1096610","3","EMANDATE_REGISTER; EMANDATE_PAYMENT; ORDER_PAYMENT","Internal Juspay transaction object classification",""
"juspay_transactions","txn_detail_id","BIGINT","1096610","1096610","1096610","30313297368; 30289474755; 30279958876","Juspay internal transaction detail ID — unique per transaction attempt",""
"juspay_transactions","txn_uuid","VARCHAR","1096610","1096610","1096610","moz7iafBnqLk4KKqUAQ; mozkfSyzysCf7xMsze6; mozmrgNBcBc6gP56Lar","Juspay unique transaction UUID — primary identifier for each transaction",""
"juspay_transactions","payment_status","VARCHAR","1096610","1096610","2","SUCCESS; PENDING","Final payment status of the transaction",""
"juspay_transactions","effective_txn_amount","DOUBLE","1096610","1096610","932","1395.0; 425.0; 458.0","Effective transaction amount after any adjustments",""
"juspay_transactions","order_amount","DOUBLE","1096610","1096610","932","9.0; 5.0; 567.0","Original order amount as submitted to Juspay",""
"juspay_transactions","amount","DOUBLE","1096610","1096610","932","572.0; 529.0; 570.0","Transaction amount in INR",""
"juspay_transactions","juspay_txn_id","VARCHAR","1096610","1096610","1096610","wiom-w_7982487202_193589340_0-1; wiom-w_8400289244_193600259_1-1; wiom-w_9599028736_193544567_0-1","Juspay transaction ID — Wiom's merchant reference ID passed to Juspay (format: wiom-{txn_type}_{mobile}_{id}_{seq}-{attempt})",""
"juspay_transactions","order_uuid","VARCHAR","1096610","1096610","1096601","ordeh_20eeec93e0e04f13b4b2b98143d9c5d6; ordeh_282c9fad7cb1453fbda08ed090e955e0; ordeh_63a1184fa06a4d6abaae6b24b4898ba4","Juspay internal order UUID",""
"juspay_transactions","order_id","VARCHAR","1096610","1096610","1096601","w_7827704771_187420499_1; w_9319539509_187500003_0; w_8929716772_187553515_1","Wiom's order ID passed to Juspay (format: {txn_type}_{mobile}_{id}_{seq})",""
"juspay_transactions","preferred_gateway","VARCHAR","334","1096610","1","PAYTM_V2","Preferred payment gateway for the transaction (rarely populated)",""
"juspay_transactions","payment_gateway","VARCHAR","1096607","1096610","4","PAYTM_V2; PAYU; RAZORPAY","Payment gateway that processed the transaction (downstream PG routed by Juspay)",""
"juspay_transactions","payment_flow","VARCHAR","1096609","1096610","10","INTENT; CARD_3DS; NEW_CARD","Payment flow type — COLLECT (UPI collect)",""
"juspay_transactions","txn_last_modified","VARCHAR","1096610","1096610","997767","2025-12-28T22:35:06; 2025-12-29T21:54:20; 2025-12-29T21:52:49","Timestamp when the transaction record was last updated",""
"juspay_transactions","txn_flow_type","VARCHAR","1096610","1096610","6","REDIRECT_DEBIT; COLLECT; QR","Transaction flow type — REDIRECT_DEBIT (UPI intent)",""
"juspay_transactions","txn_conflict","VARCHAR","1096558","1096610","3","CONFLICTED; MATCH; RESOLVED","Status conflict resolution — MATCH (PG and Juspay agree)",""
"juspay_transactions","order_status","VARCHAR","1096610","1096610","4","PENDING_AUTHENTICATION; AUTHORIZING; NEW","Order-level status in Juspay's system",""
"juspay_transactions","actual_payment_status","VARCHAR","1096610","1096610","5","AUTO_REFUNDED; PENDING_VBV; AUTHORIZING","Granular payment status — includes AUTO_REFUNDED",""
"juspay_transactions","previous_txn_status","VARCHAR","1096548","1096610","3","AUTHORIZATION_FAILED; AUTHORIZING; PENDING_VBV","Transaction status before the current status change",""
"juspay_transactions","description","VARCHAR","972819","1096610","2","Credits towards Wiom Partners Wallet; Complete your payment","Payment description shown to customer — indicates purpose (partner wallet topup or customer payment)",""
"juspay_transactions","refund_date","VARCHAR","13317","1096610","12961","2025-12-22T07:53:02; 2025-12-23T19:05:11; 2025-12-29T00:25:44","Date when refund was initiated (only for refunded transactions)",""
"juspay_transactions","mandate_status","VARCHAR","123791","1096610","4","REVOKED; PAUSED; ACTIVE","Status of UPI/eMandate autopay registration (only for mandate orders)",""
"juspay_transactions","mandate_gateway","VARCHAR","123791","1096610","2","PAYTM_V2; PAYU","Gateway used for mandate registration",""
"juspay_transactions","error_category","VARCHAR","163","1096610","2","TXN_PENDING; TECHNICAL_ERROR","High-level error category for failed transactions",""
"juspay_transactions","mandate_id","VARCHAR","123791","1096610","64877","rKnwxvRuaJYWRCQF1iuB2f; itkcEBu11cq4q46y5UMbfm; dUdQxkbocSrk4yqwWjntsr","Unique mandate/autopay registration ID",""
"juspay_transactions","mandate_created_at","VARCHAR","123791","1096610","64691","2025-07-24T19:15:36; 2025-12-09T15:42:56; 2025-12-10T08:48:43","Timestamp when the mandate was originally created",""
"juspay_transactions","mandate_end_date","VARCHAR","123791","1096610","64688","2026-04-02T20:49:15; 2026-10-16T18:04:27; 2027-01-07T09:05:38","Mandate expiry date — autopay authorization valid until this date",""
"juspay_transactions","mandate_start_date","VARCHAR","123791","1096610","64688","2024-12-31T20:50:34; 2025-09-27T14:21:23; 2025-10-26T19:21:40","Mandate start date — autopay authorization valid from this date",""
"juspay_transactions","mandate_revoke_source","VARCHAR","3355","1096610","2","MERCHANT_MANDATE_REVOKE; MANDATE_LIFE_CYCLE_WEBHOOK","Source of mandate revocation — webhook (customer-initiated) or merchant-initiated",""
"juspay_transactions","system_date","VARCHAR","1096610","1096610","996440","2026-02-18T22:29:46; 2026-02-18T13:10:17; 2026-02-17T17:09:49","Juspay system timestamp when the transaction was recorded",""
"juspay_transactions","order_date_created","VARCHAR","1096610","1096610","996246","2026-01-28T15:19:57; 2026-01-29T05:11:48; 2026-01-28T12:18:29","Timestamp when the order was originally created in Juspay",""
"juspay_transactions","udf3","VARCHAR","1004582","1096610","6","OTT_WiomNet; Mobile_Recharges; WiomNet","User-defined field 3 — Wiom's product/service category (WiomNet=broadband recharge; Installation=new connection; Mobile_Recharges=mobile topup)",""
"juspay_transactions","source_month","VARCHAR","1096610","1096610","3","Feb26; Dec25; Jan26","Source file month indicator (added during data loading)",""
"payu_settlements","AddedOn","VARCHAR","94663","94663","91413","2025-11-29 05:37:41; 2025-11-29 16:57:38; 2025-11-29 21:30:47","Timestamp when the original transaction was initiated",""
"payu_settlements","Additional Charges","DOUBLE","94567","94663","1","0.0","Additional charges on the transaction (all zero)",""
"payu_settlements","Additional Service Fee","DOUBLE","94663","94663","95","-1830.14; -1787.44; -1790.95","Additional service fee charged by PayU (negative = deduction)",""
"payu_settlements","Additional Service Tax","DOUBLE","94663","94663","95","-328.64; -342.58; -373.62","Tax on additional service fee (negative = deduction)",""
"payu_settlements","Address Line1","DOUBLE","0","94663","0","","Customer address line 1 (not populated)",""
"payu_settlements","Address Line2","DOUBLE","0","94663","0","","Customer address line 2 (not populated)",""
"payu_settlements","Amount","DOUBLE","94663","94663","620","50.0; 600.0; 492.0","Original transaction amount in INR",""
"payu_settlements","Amount(INR)","DOUBLE","94663","94663","620","5.0; 538.0; 25.0","Transaction amount in INR (same as Amount — single currency)",""
"payu_settlements","Bank ARN","VARCHAR","54756","94663","54141","694709920644; 153479429385; 74163265334039172890925","Acquirer Reference Number — bank's unique transaction tracking ID",""
"payu_settlements","Bank Name","VARCHAR","94567","94663","23","ICICI Bank; Yes Bank; Airtel Payments Bank","Customer's bank name",""
"payu_settlements","Bank Reference No","VARCHAR","94567","94663","93171","108658480624; 569960077637; 758932834759","Bank's reference number for the transaction",""
"payu_settlements","Card Number","VARCHAR","5955","94663","3056","XXXXXXXXXXXX6951; XXXXXXXXXXXX8220; XXXXXXXXXXXX3267","Masked card number (only for card transactions)",""
"payu_settlements","CGST","DOUBLE","0","94663","0","","Central GST (not populated — IGST used instead via Additional Service Tax)",""
"payu_settlements","City","DOUBLE","0","94663","0","","Customer city (not populated)",""
"payu_settlements","Convenience Fee","DOUBLE","94663","94663","1","0.0","Convenience fee (all zero)",""
"payu_settlements","Convenience Tax","DOUBLE","94663","94663","1","0.0","Tax on convenience fee (all zero)",""
"payu_settlements","Country","DOUBLE","0","94663","0","","Customer country (not populated)",""
"payu_settlements","Customer Name","VARCHAR","72069","94663","2","Firstname; WIOM","Customer name (generic placeholder used by Wiom)",""
"payu_settlements","Discount","DOUBLE","94567","94663","1","0.0","Discount on the transaction (all zero in settlement)",""
"payu_settlements","Customer Email","VARCHAR","94663","94663","2","contact@wiom.in; rutuj.dodal@wiom.in","Customer email registered with PayU",""
"payu_settlements","Error Code","VARCHAR","94567","94663","1","E000","Error code — E000 indicates success",""
"payu_settlements","Field 1","VARCHAR","7754","94663","7348","jonwaltushar7992@axl; 11292025 104505; 7370965152@ptyes","PayU custom field 1 — timestamps",""
"payu_settlements","Field 2","VARCHAR","55507","94663","52621","536023; 236091; 328766","PayU custom field 2 — bank auth reference codes",""
"payu_settlements","Field 3","VARCHAR","88513","94663","68354","875077162200@ybl; shilpaashvinpatel@oksbi; sadikshaikh3524-2@oksbi","PayU custom field 3 — customer VPA (UPI ID)",""
"payu_settlements","Field 4","VARCHAR","7754","94663","1420","Parveen; MOHD TANVEER ALAM; Ms SOFIYA","PayU custom field 4 — customer name from bank",""
"payu_settlements","Field 5","VARCHAR","88510","94663","70590","PPPL26218426963291125233355692b358b; PPPL26209570195291125123320692a9ab8; PPPL26217826680291125222607692b25a7","PayU custom field 5 — payee/merchant VPA",""
"payu_settlements","Field 6","VARCHAR","54503","94663","36041","RANI || SBIN0016337; UMESHKUMAR || ICIC0001024; AMBREESH || CNRB0000033","PayU custom field 6 — beneficiary name and IFSC",""
"payu_settlements","Field 7","VARCHAR","94502","94663","16","APPROVED OR COMPLETED SUCCESSFULLY|00; transactionId=26834884507&amount=481.00&bankTxnId=; PAID=Y&BID=51256660&CRN=INR&AMT=2075.00&PID=000000","PayU custom field 7 — bank response code and message",""
"payu_settlements","Field 8","VARCHAR","70256","94663","11","whatsapp; bhim; phonepe","PayU custom field 8 — UPI app or card error details",""
"payu_settlements","IGST","DOUBLE","0","94663","0","","Integrated GST (not populated here — tracked in Additional Service Tax)",""
"payu_settlements","International/Domestic","VARCHAR","6016","94663","4","domestic; signature_premium; corporate","Card classification — domestic/international/corporate (for card txns)",""
"payu_settlements","Issuing Bank","VARCHAR","5956","94663","53","SBM; ALLBD; USFB","Card issuing bank code",""
"payu_settlements","Last Name","VARCHAR","53272","94663","2","LastName; User","Customer last name (generic placeholder)",""
"payu_settlements","Merchant Email","VARCHAR","94663","94663","1","rutuj.dodal@wiom.in","Merchant email registered with PayU",""
"payu_settlements","Merchant ID","BIGINT","94663","94663","1","12432608","PayU Merchant ID for Wiom",""
"payu_settlements","Merchant Name","VARCHAR","94663","94663","1","Wiom","Merchant name (always Wiom)",""
"payu_settlements","Merchant Subvention Amount","DOUBLE","0","94663","0","","Merchant subvention/subsidy amount (not used)",""
"payu_settlements","Merchant Txn ID","VARCHAR","94663","94663","92429","wiom-w_9690727295_186580500_1-1; wiom-cusSubs_8853641483_186545334_1-1; wiom-custGen_9045499079_186565694_1-1","Wiom's merchant transaction ID — primary key for cross-referencing",""
"payu_settlements","Merchant UTR","VARCHAR","94663","94663","68","HDFCR52025120992838348; HDFCR52025123050948065; HDFCR52026020365096222","Settlement UTR — bank reference for the settlement batch payment",""
"payu_settlements","Name on Card","DOUBLE","0","94663","0","","Name on card (not populated)",""
"payu_settlements","Net Amount","DOUBLE","94663","94663","1033","5.0; 538.0; 25.0","Net settlement amount after all fees and taxes in INR",""
"payu_settlements","Offer Availed","DOUBLE","0","94663","0","","Offer/promo availed (not used)",""
"payu_settlements","Offer Failure Reason","DOUBLE","0","94663","0","","Offer failure reason (not used)",""
"payu_settlements","Offer Key","DOUBLE","0","94663","0","","Offer key/code (not used)",""
"payu_settlements","Offer Type","DOUBLE","0","94663","0","","Offer type (not used)",""
"payu_settlements","Payment Gateway","VARCHAR","94663","94663","16","PAYU/AIRNB; Payu/IOBNB; PAYU/CABB","Payment gateway endpoint — includes bank name (e.g. PayU/ICICI = PayU via ICICI)",""
"payu_settlements","Payment Processing Fee","DOUBLE","94663","94663","501","11.44; 11.5; 16.32","Processing fee charged by PayU in INR",""
"payu_settlements","Payment Source","VARCHAR","94567","94663","4","sist; payuPureS2S; sirecurring","Payment source — S2S (server-to-server)",""
"payu_settlements","Payment Type","VARCHAR","94663","94663","10","Debit Card; UPIPPI; UPI","Payment method used by customer",""
"payu_settlements","PayU ID","VARCHAR","94663","94663","92429","26215925438; 26214662108; 26211545573","PayU's internal transaction ID",""
"payu_settlements","PG MID","VARCHAR","94457","94663","14","000000010138; CBIBIBO; PAYUOMNIAINF","PayU Payment Gateway MID",""
"payu_settlements","PG Response","VARCHAR","94567","94663","32","Success|Completed Using Callback; Success/Failure of capture after reconciliation vi; No ErrorUpdated card type from international to co","Raw response from payment gateway",""
"payu_settlements","Phone Number","BIGINT","94663","94663","60941","9220711091; 9354028050; 8802502441","Customer's mobile number",""
"payu_settlements","Priority Settlement Fee","DOUBLE","94663","94663","1","0.0","Priority/instant settlement fee (all zero — standard settlement used)",""
"payu_settlements","Priority Settlement Tax","DOUBLE","94663","94663","1","0.0","Tax on priority settlement fee (all zero)",""
"payu_settlements","Product Info","VARCHAR","94663","94663","99","Platform fees_daily_2025-12-30; Platform fees_daily_2026-01-14; Platform fees_daily_2026-02-10","Product description — contains plan type and date info",""
"payu_settlements","Recon Ref Number","DOUBLE","0","94663","0","","Reconciliation reference number (not populated)",""
"payu_settlements","Refund Mode","VARCHAR","94567","94663","3","-; Instant Credit through UPI; Back to Source","Refund method — Back to Source (original method) or Instant Credit (UPI direct)",""
"payu_settlements","Request ID","DOUBLE","94567","94663","93425","19109184254.0; 19101756158.0; 19105745514.0","PayU internal request ID",""
"payu_settlements","Requested Action","VARCHAR","94663","94663","6","refund; refundreversal; Adjustment_debit","Type of settlement action — capture (payment)",""
"payu_settlements","Requested Amount","DOUBLE","94567","94663","530","558.0; 504.0; 454.0","Amount requested for the action in INR",""
"payu_settlements","Service Tax","DOUBLE","94663","94663","209","2.66; 1.8; 3.09","Service tax / GST on processing fees in INR",""
"payu_settlements","Settlement","VARCHAR","94663","94663","1","approved","Settlement approval status (all approved)",""
"payu_settlements","Settlement Currency","VARCHAR","94663","94663","1","INR","Settlement currency (always INR)",""
"payu_settlements","Settlement Date","VARCHAR","94663","94663","69","2025-12-04 15:20:08; 2025-12-09 15:40:09; 2026-02-27 15:20:12","Date and time when settlement was made to Wiom's bank",""
"payu_settlements","SGST","DOUBLE","0","94663","0","","State GST (not populated)",""
"payu_settlements","Shipping Firstname","DOUBLE","0","94663","0","","Shipping first name (not used)",""
"payu_settlements","Shipping Lastname","DOUBLE","0","94663","0","","Shipping last name (not used)",""
"payu_settlements","Shipping Phone","DOUBLE","0","94663","0","","Shipping phone (not used)",""
"payu_settlements","Customer IP Address","VARCHAR","94567","94663","9508","103.158.171.160; 106.192.197.56; 27.59.78.130","Customer's IP address at payment time",""
"payu_settlements","Shipping Address1","DOUBLE","0","94663","0","","Shipping address (not used)",""
"payu_settlements","Shipping Address2","VARCHAR","51","94663","1","CMCX","Shipping address 2 (rarely used)",""
"payu_settlements","Shipping City","DOUBLE","0","94663","0","","Shipping city (not used)",""
"payu_settlements","State","DOUBLE","0","94663","0","","Customer state (not populated)",""
"payu_settlements","Shipping Country","DOUBLE","0","94663","0","","Shipping country (not used)",""
"payu_settlements","Shipping Zipcode","DOUBLE","0","94663","0","","Shipping zip code (not used)",""
"payu_settlements","Amount(Net)","DOUBLE","94663","94663","1154","435.0; 486.0; 537.0","Net transaction amount in INR",""
"payu_settlements","Total Processing fees","DOUBLE","94663","94663","501","11.44; 11.5; 16.32","Total processing fees charged in INR",""
"payu_settlements","Total Service Tax","DOUBLE","94663","94663","209","3.01; 2.97; 9.69","Total service tax on processing fees in INR",""
"payu_settlements","Merchant Requested Fee","DOUBLE","94663","94663","652","50.0; 600.0; 492.0","Fee amount as per merchant request",""
"payu_settlements","Shipping State","DOUBLE","0","94663","0","","Shipping state (not used)",""
"payu_settlements","Status","VARCHAR","94663","94663","2","success; SUCCESS","Transaction status (SUCCESS)",""
"payu_settlements","SucceedOn","VARCHAR","94660","94663","92645","2025-11-29 15:17:26; 2025-11-29 16:47:11; 2025-11-29 21:02:51","Timestamp when the transaction succeeded",""
"payu_settlements","Token","VARCHAR","1334","94663","1313","custGen_9718706425_161619142_1_1769686382864; custGen_8130840468_177752672_1_1769682523841; custGen_8595859728_188204673_0_1769682720404","Card token / tokenization reference (for recurring card payments)",""
"payu_settlements","Transaction Currency","VARCHAR","94567","94663","1","INR","Transaction currency (always INR)",""
"payu_settlements","UDF 1","DOUBLE","0","94663","0","","User-defined field 1 (not populated in settlement)",""
"payu_settlements","UDF 2","VARCHAR","72069","94663","1","prod","Environment flag — prod (production)",""
"payu_settlements","UDF 3","VARCHAR","71935","94663","6","Installation; WiomNet; Renewal","Product/service category — WiomNet (broadband)",""
"payu_settlements","UDF 4","VARCHAR","60461","94663","12","QR_checkout; App; Executed Verified","Payment channel/source",""
"payu_settlements","UDF 5","DOUBLE","22498","94663","12867","25846469883.0; 25454926313.0; 25832581400.0","User-defined field 5 (numeric — purpose unclear)",""
"payu_settlements","Zipcode","DOUBLE","0","94663","0","","Customer zip code (not populated)",""
"payu_settlements","source_month","VARCHAR","94663","94663","3","Jan26; Feb26; Dec25","Source file month indicator (added during data loading)",""
"payu_transactions","status","VARCHAR","295095","295095","8","Chargebacked; failed; Refunded","Transaction status — captured (success)",""
"payu_transactions","txnid","VARCHAR","295095","295095","295095","wiom-custWgSubs_9310211249_187953591_0-1; wiom-custGen_9311507827_188044725_1-1; wiom-cusSubs_9717277965_188045095_1-1","Wiom's unique transaction ID sent to PayU (format: wiom-{txn_type}_{mobile}_{id}_{seq}-{attempt})",""
"payu_transactions","addedon","VARCHAR","295095","295095","105568","16-12-2025 15:52; 16-12-2025 15:56; 16-12-2025 16:45","Timestamp when the transaction was initiated (DD-MM-YYYY HH:MM format)",""
"payu_transactions","id","BIGINT","295095","295095","295095","26444989736; 26445126147; 26445462678","PayU's internal transaction ID",""
"payu_transactions","amount","BIGINT","295095","295095","592","550; 560; 538","Transaction amount in INR",""
"payu_transactions","productinfo","VARCHAR","295095","295095","4","Description not provided; SI; Credits towards Wiom Partners Wallet","Product description — indicates payment purpose; SI = Standing Instruction (autopay)",""
"payu_transactions","firstname","VARCHAR","219505","295095","2","Firstname; WIOM","Customer first name (generic — Wiom sends placeholder values)",""
"payu_transactions","lastname","VARCHAR","160616","295095","2","User; LastName","Customer last name (generic placeholder)",""
"payu_transactions","email","VARCHAR","295095","295095","1","contact@wiom.in","Customer email (Wiom's generic contact email used for all transactions)",""
"payu_transactions","phone","BIGINT","295094","295095","124094","8920200585; 8287769822; 7290961261","Customer's mobile number",""
"payu_transactions","ip","VARCHAR","295095","295095","17641","114.69.253.156; 49.14.138.217; 130.176.188.181","Customer's IP address at the time of payment",""
"payu_transactions","city","VARCHAR","0","295095","0","","Customer city (not populated)",""
"payu_transactions","merchant_name","VARCHAR","295095","295095","1","Wiom","Merchant name (always Wiom)",""
"payu_transactions","merchant_id","BIGINT","295095","295095","1","12432608","PayU Merchant ID for Wiom",""
"payu_transactions","bank_name","VARCHAR","295092","295095","48","Rupay Credit Card; RBL Bank; IndusInd Bank","Name of the customer's bank",""
"payu_transactions","bank_ref_no","VARCHAR","151234","295095","38582","5.35011E+11; 5.35073E+11; 5.35097E+11","Bank reference number for the transaction (only for processed txns)",""
"payu_transactions","cardtype","VARCHAR","8112","295095","5","international; prepaid; domestic","Card type classification (only for card payments)",""
"payu_transactions","mode","VARCHAR","295095","295095","9","UPICL; UPISI; UPI","Payment mode — UPISI (UPI Standing Instruction)",""
"payu_transactions","error_code","VARCHAR","295090","295095","64","E706; E4168; E4158","PayU error code for the transaction",""
"payu_transactions","errorDescription","VARCHAR","295090","295095","61","International cards are not accepted; Issuing Bank was temporarily not available so set ; Card has been classified as lost and has been bloc","Human-readable error description from PayU",""
"payu_transactions","error_message","VARCHAR","295094","295095","210","U30|DEBIT HAS BEEN FAILED|Z9|INSUFFICIENT FUNDS IN; U30|DEBIT HAS BEEN FAILED|VS|DUPLICATE MANDATE REQ; 00|APPROVED OR COMPLETED SUCCESSFULLY|Completed Us","Detailed error/success message from PayU",""
"payu_transactions","pgmid","VARCHAR","294067","295095","30","000000000398; CBIBIBO; PAYGATE12","PayU Payment Gateway MID — identifies the specific PG endpoint",""
"payu_transactions","pg_response","VARCHAR","295094","295095","208","Success|Completed Using Callback; U28|REMITTER BANK NOT AVAILABLE|Completed Using Ca; The details posted are incorrect","Raw response from the payment gateway",""
"payu_transactions","issuing_bank","VARCHAR","8252","295095","72","TRIOTECH; CBI; CANA","Issuing bank name/code (for card transactions)",""
"payu_transactions","payment_source","VARCHAR","295070","295095","6"," LEGAL CASE AGAINST THIS ACCOUNT ETC.; sirecurring; payuS2S","Payment source — payuS2S (server-to-server)",""
"payu_transactions","name_on_card","VARCHAR","95","295095","7","INDUSIND; payuS2S;  NRE (AS PER BANK?S POLICY))|Completed Using Callb","Name on the card (very sparse)",""
"payu_transactions","card_number","VARCHAR","8095","295095","3599","XXXXXXXXXXXX5631; XXXXXXXXXXXX1679; XXXXXXXXXXXX6553","Masked card number (only for card transactions)",""
"payu_transactions","address_line1","VARCHAR","65","295095","2","sist; sirecurring","Address field (rarely used — contains payment source info)",""
"payu_transactions","address_line2","VARCHAR","5","295095","4","XXXXXXXXXXXX3071; XXXXXXXXXXXX7115; XXXXXXXXXXXX0819","Address field (almost unused)",""
"payu_transactions","state","VARCHAR","0","295095","0","","Customer state (not populated)",""
"payu_transactions","country","VARCHAR","0","295095","0","","Customer country (not populated)",""
"payu_transactions","zipcode","VARCHAR","0","295095","0","","Customer zip code (not populated)",""
"payu_transactions","shipping_firstname","VARCHAR","0","295095","0","","Shipping first name (not used)",""
"payu_transactions","shipping_lastname","VARCHAR","0","295095","0","","Shipping last name (not used)",""
"payu_transactions","shipping_address1","VARCHAR","0","295095","0","","Shipping address line 1 (not used)",""
"payu_transactions","shipping_address2","VARCHAR","100","295095","1","CMCX","Shipping address line 2 (rarely populated)",""
"payu_transactions","shipping_city","VARCHAR","0","295095","0","","Shipping city (not used)",""
"payu_transactions","shipping_state","VARCHAR","0","295095","0","","Shipping state (not used)",""
"payu_transactions","shipping_country","VARCHAR","0","295095","0","","Shipping country (not used)",""
"payu_transactions","shipping_zipcode","VARCHAR","0","295095","0","","Shipping zip code (not used)",""
"payu_transactions","shipping_phone","VARCHAR","0","295095","0","","Shipping phone (not used)",""
"payu_transactions","transaction_fee","BIGINT","295000","295095","570","535; 540; 555","Transaction fee amount (note: may contain the txn amount in some rows due to data format)",""
"payu_transactions","discount","BIGINT","295025","295095","14","555; 0; 575","Discount applied on the transaction",""
"payu_transactions","additional_charges","BIGINT","295030","295095","4","566; 575; 524","Any additional charges applied",""
"payu_transactions","amount(inr)","BIGINT","91657","295095","507","560; 550; 579","Transaction amount in INR (only for settled transactions)",""
"payu_transactions","udf1","BIGINT","70","295095","1","0","User-defined field 1 (mostly empty)",""
"payu_transactions","udf2","VARCHAR","219541","295095","4","prodi2e11; 0; prod","Environment flag — prod (production) or stage (test)",""
"payu_transactions","udf3","VARCHAR","219326","295095","7","prod; Mobile_Recharges; Renewal","Product/service category — WiomNet (broadband)",""
"payu_transactions","udf4","VARCHAR","170616","295095","17","WiomNet; Created Callback; UPI_Apps","Payment channel/source — UPI_Apps",""
"payu_transactions","udf5","VARCHAR","75547","295095","16656","24821856824; 24440377200; 26075412147","User-defined field 5 (contains numeric IDs — purpose unclear)",""
"payu_transactions","field0","VARCHAR","18","295095","8","Web_Link; 26876096081; 24491790649","PayU custom field 0 (sparse)",""
"payu_transactions","field1","VARCHAR","9574","295095","9040","12162025 225627; 12162025 232011; 12172025 084450","PayU custom field 1 — appears to contain timestamps for some transactions",""
"payu_transactions","field2","VARCHAR","89148","295095","83614","ICI6c941169d0f949c0a22145c1bf53cd29; ICI1744da0fa8bd4f3f85cc34c996191479; 716155","PayU custom field 2 — contains bank reference/auth codes",""
"payu_transactions","field3","VARCHAR","144063","295095","75694","5f0481a5aab844ecaa8ea948b766ff8b@ybl; 26c6e1b9f6d44270a6f246d5a09dcc8a@naviaxis; 3b901bddc3f94497b115da356bf22747@axl","PayU custom field 3 — contains customer VPA (UPI ID)",""
"payu_transactions","field4","VARCHAR","9516","295095","2027","Pinki Pinki; Neelam; Shahil Ansari","PayU custom field 4 — contains customer name from bank (for card/NB txns)",""
"payu_transactions","field5","VARCHAR","144591","295095","77085","cf4f7239ff71436ca91e63805324d7d8@ptyes; PPPL2644520582116122516233069413a2a; 733a8fd8d5bc4b02a68e6afc144abcba@ybl","PayU custom field 5 — contains payee VPA / merchant VPA",""
"payu_transactions","field6","VARCHAR","161466","295095","38067","Mr Sachin Mandal || IDIB000J016; RUKSANA  BEGUM || SBIN0008079; AARAV  SINGH || KKBK0000958","PayU custom field 6 — beneficiary name and IFSC code",""
"payu_transactions","field7","VARCHAR","159525","295095","78","APPROVED OR COMPLETED SUCCESSFULLY|00; ACS_REDIRECT; REMITTER BANK DEEMED HIGH RESPONSE TIME CHECK DECL","PayU custom field 7 — UPI response code and description",""
"payu_transactions","field8","VARCHAR","215952","295095","122","phonepe; 54 | Expired card; 30 | Format Error","PayU custom field 8 — UPI app name or card error details",""
"payu_transactions","device_info","VARCHAR","295007","295095","6","0_|_4; 1_|_4; 0_|_0","Device info flag (format: {flag1}_|_{flag2})",""
"payu_transactions","merchant_subvention_amount","VARCHAR","92","295095","5","78 | ’Blocked, first used’—The transaction is from; 1_|_4; 0_|_0","Merchant subvention/subsidy amount (very sparse)",""
"payu_transactions","utr","VARCHAR","91573","295095","71","HDFCR52025123151601652; phonepe; HDFCR52026010252461069","Settlement UTR — bank reference for settlement batch",""
"payu_transactions","recon_ref_number","VARCHAR","65","295095","1","0_|_0","Reconciliation reference number (very sparse)",""
"payu_transactions","settlement_amount","DOUBLE","91562","295095","915","600.0; 524.0; 200.0","Net settlement amount after fees/taxes in INR (only for settled txns)",""
"payu_transactions","settlement_date","VARCHAR","91562","295095","68","17-12-2025 16:00; 20-02-2026 15:40; 02-03-2026 15:40","Date when the transaction was settled to Wiom's bank account",""
"payu_transactions","service_fees","DOUBLE","91562","295095","409","16.65; 11.5; 12.0","PayU service/processing fee in INR",""
"payu_transactions","tsp_charges","BIGINT","91562","295095","1","0","Third-party service provider charges (all zero)",""
"payu_transactions","convenience_fee","BIGINT","91562","295095","1","0","Convenience fee (all zero)",""
"payu_transactions","cgst","BIGINT","91562","295095","1","0","Central GST on fees (all zero — IGST applied instead)",""
"payu_transactions","sgst","BIGINT","91562","295095","1","0","State GST on fees (all zero — IGST applied instead)",""
"payu_transactions","igst","DOUBLE","91562","295095","117","2.59; 22.98; 3.04","Integrated GST on processing fees in INR",""
"payu_transactions","token_bin","BIGINT","7105","295095","1609","416851838; 489655005; 559852399","Tokenized card BIN (Bank Identification Number) — for card transactions",""
"payu_transactions","last_four_digits","VARCHAR","8089","295095","3597","3572; 5768; 0868","Last four digits of the card number",""
"payu_transactions","arn","VARCHAR","52913","295095","38073","5.35006E+11; 5.35016E+11; 6.9569E+11","Acquirer Reference Number — bank's unique transaction reference",""
"payu_transactions","auth_code","VARCHAR","89078","295095","83572","ICI6c941169d0f949c0a22145c1bf53cd29; ICI1744da0fa8bd4f3f85cc34c996191479; 716155","Bank authorization code for the transaction",""
"payu_transactions","conversion_status","VARCHAR","0","295095","0","","Currency conversion status (not used — all INR)",""
"payu_transactions","conversion_date","VARCHAR","0","295095","0","","Currency conversion date (not used)",""
"payu_transactions","conversion_remarks","VARCHAR","3","295095","3","ICIa6ac551b47fe47e78dda9ac670feffe1; ICId553e24c3b7c4aacb833d4542f59e321; ICI50acf80e4ea54269a7bd377ab5b68c4f","Currency conversion remarks (virtually unused)",""
"payu_transactions","mer_service_fee","DOUBLE","91562","295095","451","12.0; 11.5; 10.48","Merchant service fee — the actual fee rate applied in INR",""
"payu_transactions","currency_type","VARCHAR","295000","295095","1","INR","Transaction currency (always INR)",""
"payu_transactions","network_type","VARCHAR","8219","295095","5","MAST; VISA; INR","Card network type (for card transactions)",""
"payu_transactions","category","VARCHAR","295002","295095","10","upi; debitcard; INR","Payment category — upi",""
"payu_transactions","sub_category","VARCHAR","2167","295095","7","INR; standinginstruction; Retail","Payment sub-category — VISA",""
"payu_transactions","column83","VARCHAR","8","295095","3","Retail; creditcard; RUPAYCC","Trailing empty column (data artifact)",""
"payu_transactions","column84","VARCHAR","65","295095","3","upi; standinginstruction; upicc","Trailing empty column (data artifact)",""
"phonepe_refunds","Merchant Id","VARCHAR","982","982","1","OMNIAINFORMATIONONLINE","PhonePe Merchant ID for Wiom",""
"phonepe_refunds","Transaction Type","VARCHAR","982","982","1","REFUND_TRANSACTION","Transaction type (always REFUND_TRANSACTION)",""
"phonepe_refunds","Reversal Category","VARCHAR","982","982","1","ORDER_REVERSAL","Reversal category (all ORDER_REVERSAL — merchant-initiated refund)",""
"phonepe_refunds","Merchant Order Id","VARCHAR","982","982","982","wiom-custGen_9236560618_189334675_1-1; wiom-custGen_9771101198_188666573_0-1; wiom-custGen_8448158290_187458388_1-1","Wiom's refund order ID sent to PhonePe",""
"phonepe_refunds","Merchant Reference Id","VARCHAR","982","982","982","custGen_8810335659_189073686_1_1766995686948; custGen_9971098200_188655109_0_1766994579531; custGen_7091426524_188654438_0_1766836871734","Wiom's unique refund reference ID",""
"phonepe_refunds","PhonePe Reference Id","VARCHAR","982","982","982","OMR2512271815126936273846W; OMR2512271239243902720500W; OMR2512231418545749839720W","PhonePe's unique refund reference ID",""
"phonepe_refunds","Transaction Amount","DOUBLE","981","982","40","50.0; 35.0; 329.0","Original transaction amount in INR",""
"phonepe_refunds","Total Refund Amount","DOUBLE","981","982","47","50.0; 35.0; 329.0","Total amount refunded to customer in INR",""
"phonepe_refunds","Offer Adjustment","DOUBLE","14","982","6","1.5; 2.5; 1.0","Offer/promo adjustment amount during refund (very rare)",""
"phonepe_refunds","Transaction Date","TIMESTAMP","982","982","977","2025-12-29 17:03:36; 2025-12-29 17:00:45; 2025-12-27 14:10:31","Timestamp of the refund transaction",""
"phonepe_refunds","Transaction Status","VARCHAR","982","982","2","ERRORED; COMPLETED","Refund status — COMPLETED (success) or ERRORED (failed)",""
"phonepe_refunds","UPI Amount","DOUBLE","981","982","47","50.0; 35.0; 329.0","Refund amount sent via UPI",""
"phonepe_refunds","Wallet Amount","VARCHAR","0","982","0","","Refund via PhonePe Wallet (not used)",""
"phonepe_refunds","Credit card Amount","VARCHAR","0","982","0","","Refund via Credit Card (not used)",""
"phonepe_refunds","Debit card Amount","VARCHAR","0","982","0","","Refund via Debit Card (not used)",""
"phonepe_refunds","EGV Amount","VARCHAR","0","982","0","","Refund via Electronic Gift Voucher (not used)",""
"phonepe_refunds","Forward Merchant Transaction Id","VARCHAR","982","982","982","wiom-custGen_9236560618_189334675_1-1; wiom-custGen_9771101198_188666573_0-1; wiom-custGen_8448158290_187458388_1-1","Original forward payment's Merchant Transaction ID being refunded",""
"phonepe_refunds","Forward Transaction Reference Id","VARCHAR","982","982","982","OMO2512301208548484842860W; OMO2512131636555207981310V; OMO2512291741504657257881W","Original forward payment's PhonePe Reference ID",""
"phonepe_refunds","ARN","VARCHAR","0","982","0","","Acquirer Reference Number (not populated)",""
"phonepe_refunds","Store Id","VARCHAR","0","982","0","","Store identifier (not used)",""
"phonepe_refunds","Terminal Id","VARCHAR","0","982","0","","Terminal identifier (not used)",""
"phonepe_refunds","Transaction UTR","VARCHAR","981","982","981","536490774690; 536284967978; 536284703631","UPI Unique Transaction Reference for the refund",""
"phonepe_refunds","Notes","VARCHAR","0","982","0","","Notes (not populated)",""
"phonepe_refunds","filename","VARCHAR","982","982","3","csv\phonepe-refunds\PHONEPE_REFUND_DEC25.csv; csv\phonepe-refunds\PHONEPE_REFUND_FEB26.csv; csv\phonepe-refunds\PHONEPE_REFUND_JAN26.csv","Source file indicator (added during data loading)",""
"phonepe_settlements","Merchant ID","VARCHAR","49832","49832","1","OMNIAINFORMATIONONLINE","PhonePe Merchant ID for Wiom",""
"phonepe_settlements","Merchant Order Id","VARCHAR","49832","49832","49831","wiom-w_9217048707_187981397_0-1; wiom-w_8252054749_187967876_1-1; wiom-w_8130990146_187977375_1-1","Wiom's merchant order ID — primary key for cross-referencing with other tables",""
"phonepe_settlements","Merchant Reference ID","VARCHAR","49829","49832","49829","wiom-custGen_8299641146_187953730_0-1; wiom-custGen_9716150359_187983876_0-1; wiom-custGen_8957610750_187950674_0-1","Merchant reference ID for the transaction",""
"phonepe_settlements","PhonePe Order ID","VARCHAR","49830","49832","49830","OMO2512151659558210713645V; OMR2512151711435394652137V; OMO2512151431010700217320V","PhonePe's internal order identifier",""
"phonepe_settlements","PhonePe Transaction ID","VARCHAR","48798","49832","48798","OM2512150859579695984677V; OM2512151222161812102958V; OM2512151659558440713732V","PhonePe's internal transaction identifier",""
"phonepe_settlements","PhonePe Reference ID","VARCHAR","49829","49832","48989","T2512151032326210355293; T2512150018431167691836; T2512151100354308900248","PhonePe's reference ID for completed transaction",""
"phonepe_settlements","Payment Type","VARCHAR","49832","49832","2","PAYMENT; REFUND","Whether this is a PAYMENT (forward) or REFUND entry",""
"phonepe_settlements","Product Type","VARCHAR","48798","49832","1","PG","Product type — PG (Payment Gateway)",""
"phonepe_settlements","Transaction Type","VARCHAR","48799","49832","1","FORWARD_TRANSACTION","Transaction direction (FORWARD_TRANSACTION for payments)",""
"phonepe_settlements","Transaction Date","TIMESTAMP","49832","49832","49584","2025-12-15 16:58:36; 2025-12-15 01:34:29; 2025-12-15 04:40:14","Timestamp of the original transaction",""
"phonepe_settlements","Creation Date","TIMESTAMP","49829","49832","49584","2025-12-15 12:05:53; 2025-12-15 15:23:20; 2025-12-15 19:25:23","Timestamp when the settlement record was created",""
"phonepe_settlements","Transaction Amount","DOUBLE","49832","49832","389","50.0; 492.0; 546.0","Transaction amount in INR (negative for refunds)",""
"phonepe_settlements","Instrument","VARCHAR","48799","49832","1","UPI","Payment instrument (UPI for all)",""
"phonepe_settlements","Mode","VARCHAR","48799","49832","4","Lite; PPI; Rupay Credit Card","Payment mode detail",""
"phonepe_settlements","Transaction Status","VARCHAR","49829","49832","1","COMPLETED","Transaction status (all COMPLETED in settlement report)",""
"phonepe_settlements","UPI Amount","DOUBLE","48799","49832","349","50.0; 492.0; 546.0","Amount processed via UPI",""
"phonepe_settlements","Net Banking Amount","VARCHAR","0","49832","0","","Net Banking amount (not used)",""
"phonepe_settlements","Credit Card Amount","VARCHAR","0","49832","0","","Credit Card amount (not used)",""
"phonepe_settlements","Debit Card Amount","VARCHAR","0","49832","0","","Debit Card amount (not used)",""
"phonepe_settlements","Wallet Amount","VARCHAR","0","49832","0","","Wallet amount (not used)",""
"phonepe_settlements","EGV Amount","VARCHAR","0","49832","0","","Electronic Gift Voucher amount (not used)",""
"phonepe_settlements","Settlement Date","TIMESTAMP","49832","49832","67","2025-12-18 15:04:12; 2025-12-04 15:04:09; 2026-02-18 15:04:55","Date when funds were settled to Wiom's bank account",""
"phonepe_settlements","Settlement UTR","VARCHAR","49832","49832","67","YESAP53425407569; YESAP60435769359; YESAP60305481886","Bank UTR for the settlement batch",""
"phonepe_settlements","VPA","VARCHAR","48799","49832","41142","vighneshkamble2003@okhdfcbank; ashokalka416@ptyes; 9210822912@ptsbi","Customer's UPI Virtual Payment Address",""
"phonepe_settlements","Card Network","VARCHAR","0","49832","0","","Card network (not used)",""
"phonepe_settlements","Card AuthCode","VARCHAR","0","49832","0","","Card authorization code (not used)",""
"phonepe_settlements","Corporate Network","VARCHAR","0","49832","0","","Corporate card network (not used)",""
"phonepe_settlements","Bank","VARCHAR","48799","49832","136","UCBA; IOBA; BUGB","Customer's bank code",""
"phonepe_settlements","Fee","DOUBLE","49832","49832","167","-0.35; -0.1; -0.18","PhonePe processing fee in INR (negative = deduction from settlement)",""
"phonepe_settlements","IGST","DOUBLE","49832","49832","84","-1.88; -1.96; -0.05","IGST on processing fee in INR (negative = deduction)",""
"phonepe_settlements","CGST","BIGINT","49832","49832","1","0","Central GST on fees (all zero — IGST applied instead)",""
"phonepe_settlements","SGST","BIGINT","49832","49832","1","0","State GST on fees (all zero — IGST applied instead)",""
"phonepe_settlements","Total Tax","DOUBLE","49832","49832","84","-1.88; -1.96; -0.09","Total tax (IGST+CGST+SGST) on fees in INR",""
"phonepe_settlements","Total Fees","DOUBLE","49832","49832","172","-12.2; -0.31; -12.96","Total fees including tax (Fee + Total Tax) in INR — deducted from settlement",""
"phonepe_settlements","Net Amount","DOUBLE","49829","49832","526","5.0; 25.0; 9.0","Net amount settled to Wiom after deducting fees and taxes in INR",""
"phonepe_settlements","Field-1","VARCHAR","0","49832","0","","Reserved field (unused)",""
"phonepe_settlements","Field-2","VARCHAR","0","49832","0","","Reserved field (unused)",""
"phonepe_settlements","Field-3","VARCHAR","0","49832","0","","Reserved field (unused)",""
"phonepe_settlements","Field-4","VARCHAR","0","49832","0","","Reserved field (unused)",""
"phonepe_settlements","Field-5","VARCHAR","0","49832","0","","Reserved field (unused)",""
"phonepe_settlements","Original Merchant Order ID","VARCHAR","1033","49832","1033","wiom-custGen_8076512119_186216912_1-1; wiom-custGen_9310333000_186220019_1-1; wiom-custGen_7503081526_187004856_1-1","Original payment's Merchant Order ID (only for REFUND rows — links to the forward payment)",""
"phonepe_settlements","Original Merchant Reference ID","VARCHAR","1033","49832","1033","wiom-custGen_8076512119_186216912_1-1; wiom-custGen_9310333000_186220019_1-1; wiom-custGen_7503081526_187004856_1-1","Original payment's Reference ID (only for REFUND rows)",""
"phonepe_settlements","Original PhonePe Order ID","VARCHAR","1033","49832","1033","OMO2512040908254485135904V; OMO2512071656145136881497V; OMO2512091134222848712949V","Original payment's PhonePe Order ID (only for REFUND rows)",""
"phonepe_settlements","Original PhonePe Transaction ID","VARCHAR","1033","49832","1033","OM2511201345587979685320W; OM2511201729393494172109W; OM2512041240380877662581V","Original payment's PhonePe Transaction ID (only for REFUND rows)",""
"phonepe_settlements","Original Transaction Date","DATE","1033","49832","106","2025-11-29; 2025-11-15; 2025-12-30","Date of the original payment being refunded",""
"phonepe_settlements","Original Transaction Amount","DOUBLE","1033","49832","35","50.0; 329.0; 492.0","Amount of the original payment being refunded",""
"phonepe_settlements","Currency","VARCHAR","49832","49832","1","INR","Transaction currency (always INR)",""
"phonepe_settlements","Notes","VARCHAR","45672","49832","8825","Payment for wiom-custGen_8810515229_187979245_1-1; Payment for wiom-custGen_8191005371_187943670_1-1; Payment for wiom-custGen_8595683981_187964961_0-1","Payment notes containing Wiom transaction reference",""
"phonepe_settlements","From","VARCHAR","49832","49832","1","Phonepe Private Limited","Sender entity (always PhonePe)",""
"phonepe_settlements","Subscription Setup ID","VARCHAR","0","49832","0","","Subscription/autopay setup ID (not used)",""
"phonepe_settlements","Subscription Setup Transaction Status","VARCHAR","0","49832","0","","Subscription setup status (not used)",""
"phonepe_settlements","Max Amount","VARCHAR","0","49832","0","","Mandate max amount (not used)",""
"phonepe_settlements","Frequency","VARCHAR","0","49832","0","","Mandate frequency (not used)",""
"phonepe_settlements","Authentication Type","VARCHAR","0","49832","0","","Authentication type (not used)",""
"phonepe_settlements","UPI_UTR","VARCHAR","49814","49832","49797","571583660842; 463221486923; 393828716687","UPI Unique Transaction Reference — bank-level reference for UPI payment",""
"phonepe_settlements","Card_ARN","VARCHAR","0","49832","0","","Card Acquirer Reference Number (not used)",""
"phonepe_settlements","Card_BRN","VARCHAR","0","49832","0","","Card Bank Reference Number (not used)",""
"phonepe_settlements","Card_Auth_Code","VARCHAR","0","49832","0","","Card Authorization Code (not used)",""
"phonepe_settlements","Net_Banking_Brn","VARCHAR","0","49832","0","","Net Banking Bank Reference Number (not used)",""
"phonepe_settlements","Field-6","VARCHAR","0","49832","0","","Reserved field (unused)",""
"phonepe_settlements","Field-7","VARCHAR","0","49832","0","","Reserved field (unused)",""
"phonepe_settlements","Field-8","VARCHAR","0","49832","0","","Reserved field (unused)",""
"phonepe_settlements","Field-9","VARCHAR","0","49832","0","","Reserved field (unused)",""
"phonepe_settlements","Field-10","VARCHAR","0","49832","0","","Reserved field (unused)",""
"phonepe_settlements","Field-11","VARCHAR","0","49832","0","","Reserved field (unused)",""
"phonepe_settlements","Field-12","VARCHAR","0","49832","0","","Reserved field (unused)",""
"phonepe_settlements","Field-13","VARCHAR","0","49832","0","","Reserved field (unused)",""
"phonepe_settlements","Field-14","VARCHAR","0","49832","0","","Reserved field (unused)",""
"phonepe_settlements","Field-15","VARCHAR","0","49832","0","","Reserved field (unused)",""
"phonepe_settlements","filename","VARCHAR","49832","49832","3","csv\PG-settlements\phonePe\PHONEPE_SETTLEMENT_REPO; csv\PG-settlements\phonePe\PHONEPE_SETTLEMENT_REPO; csv\PG-settlements\phonePe\PHONEPE_SETTLEMENT_REPO","Source file indicator (added during data loading)",""
"phonepe_transactions","Merchant Id","VARCHAR","120926","120926","1","OMNIAINFORMATIONONLINE","PhonePe Merchant ID for Wiom (constant across all rows)",""
"phonepe_transactions","Merchant Order Id","VARCHAR","120926","120926","120926","wiom-w_9311484942_194462977_1-1; wiom-custGen_9910889722_194459907_1-1; wiom-w_8081768044_194459256_1-1","Wiom's merchant order ID sent to PhonePe (format: wiom-{txn_type}_{mobile}_{id}_{seq}-{attempt})",""
"phonepe_transactions","Merchant Reference Id","VARCHAR","120926","120926","120926","wiom-w_9311484942_194462977_1-1; wiom-custGen_9910889722_194459907_1-1; wiom-w_8081768044_194459256_1-1","Merchant reference ID (same as Merchant Order Id for Wiom)",""
"phonepe_transactions","PhonePe Order Id","VARCHAR","120926","120926","120926","OMO2602282312241422502291W; OMO2602282310048370208869W; OMO2602282308311646292612W","PhonePe's internal order identifier",""
"phonepe_transactions","PhonePe Transaction Id","VARCHAR","51866","120926","51866","OM2602282357063544430865W; OM2602282345119891223865W; OM2602282247363810342252W","PhonePe's internal transaction identifier (only for transactions that reached PG)",""
"phonepe_transactions","PhonePe Reference Id","VARCHAR","51866","120926","51866","T2602282324584322986169; T2602282302242762250646; T2602282247486536544610","PhonePe's reference ID for the completed transaction",""
"phonepe_transactions","Product Type","VARCHAR","102260","120926","1","PG","Product type — PG (Payment Gateway)",""
"phonepe_transactions","Transaction Type","VARCHAR","120926","120926","1","FORWARD_TRANSACTION","Transaction direction — all FORWARD_TRANSACTION (payment from customer)",""
"phonepe_transactions","Transaction Date","TIMESTAMP","120926","120926","119393","2026-02-28 23:45:59; 2026-02-28 23:24:18; 2026-02-28 23:02:02","Timestamp of the transaction",""
"phonepe_transactions","Order Creation Date","TIMESTAMP","33200","120926","33036","2026-02-28 23:57:49; 2026-02-28 23:55:50; 2026-02-28 23:52:30","Timestamp when the order was created (not always populated)",""
"phonepe_transactions","Transaction Amount","BIGINT","120926","120926","400","537; 555; 580","Transaction amount in INR",""
"phonepe_transactions","Instrument","VARCHAR","33200","120926","2","UPI; CARD","Payment instrument used — UPI or CARD",""
"phonepe_transactions","Mode","VARCHAR","33200","120926","5","Lite; PPI; Rupay Credit Card","UPI payment mode — Lite (small value)",""
"phonepe_transactions","Transaction Status","VARCHAR","120926","120926","4","ERRORED; SUCCESS; FAILED","Final transaction status — SUCCESS/COMPLETED (paid)",""
"phonepe_transactions","UPI Amount","BIGINT","51865","120926","354","537; 580; 555","Amount paid via UPI instrument in INR",""
"phonepe_transactions","Net Banking Amount","VARCHAR","0","120926","0","","Amount paid via Net Banking (not used)",""
"phonepe_transactions","Credit card Amount","VARCHAR","0","120926","0","","Amount paid via Credit Card (not used)",""
"phonepe_transactions","Debit card Amount","VARCHAR","1","120926","1","500","Amount paid via Debit Card (rare — 1 transaction)",""
"phonepe_transactions","Phonepe Wallet Amount","VARCHAR","0","120926","0","","Amount paid via PhonePe Wallet (not used)",""
"phonepe_transactions","Phonepe EGV Amount","VARCHAR","0","120926","0","","Amount paid via PhonePe Electronic Gift Voucher (not used)",""
"phonepe_transactions","Transaction UTR","BIGINT","51860","120926","51860","642575183616; 398119608602; 605986009625","Unique Transaction Reference — bank reference number for the UPI payment",""
"phonepe_transactions","ARN","VARCHAR","0","120926","0","","Acquirer Reference Number (for card transactions — not used)",""
"phonepe_transactions","BRN","VARCHAR","0","120926","0","","Bank Reference Number (not used)",""
"phonepe_transactions","VPA","VARCHAR","33199","120926","28712","7667053197@ptaxis; 9717155380@ptyes; rrajeshkumar2260-1@okicici","Virtual Payment Address (UPI ID) of the paying customer",""
"phonepe_transactions","UPI Flow Type","VARCHAR","102260","120926","4","UPI_QR; UPI_INTENT; UPI_COLLECT","UPI payment flow — QR (scan)",""
"phonepe_transactions","Card Network","VARCHAR","1","120926","1","RUPAY","Card network (rare — only 1 card transaction)",""
"phonepe_transactions","Card AuthCode","VARCHAR","0","120926","0","","Card authorization code (not used)",""
"phonepe_transactions","Card Variant","VARCHAR","0","120926","0","","Card variant type (not used)",""
"phonepe_transactions","Corporate Network","VARCHAR","0","120926","0","","Corporate card network (not used)",""
"phonepe_transactions","International","VARCHAR","0","120926","0","","International transaction flag (not used)",""
"phonepe_transactions","Card Number","VARCHAR","1","120926","1","""[""""XXXXXXXXXXXX8753""""]""","Masked card number (rare)",""
"phonepe_transactions","Bank Id","VARCHAR","33200","120926","128","IOBA; BUGB; UCBA","Bank identifier code for the customer's bank",""
"phonepe_transactions","Field 1","VARCHAR","0","120926","0","","Reserved field (unused)",""
"phonepe_transactions","Field 2","VARCHAR","0","120926","0","","Reserved field (unused)",""
"phonepe_transactions","Field 3","VARCHAR","0","120926","0","","Reserved field (unused)",""
"phonepe_transactions","Field 4","VARCHAR","0","120926","0","","Reserved field (unused)",""
"phonepe_transactions","Field 5","VARCHAR","0","120926","0","","Reserved field (unused)",""
"phonepe_transactions","Field 6","VARCHAR","0","120926","0","","Reserved field (unused)",""
"phonepe_transactions","Field 7","VARCHAR","0","120926","0","","Reserved field (unused)",""
"phonepe_transactions","Field 8","VARCHAR","0","120926","0","","Reserved field (unused)",""
"phonepe_transactions","Field 9","VARCHAR","0","120926","0","","Reserved field (unused)",""
"phonepe_transactions","Field 10","VARCHAR","0","120926","0","","Reserved field (unused)",""
"phonepe_transactions","Field 11","VARCHAR","0","120926","0","","Reserved field (unused)",""
"phonepe_transactions","Field 12","VARCHAR","0","120926","0","","Reserved field (unused)",""
"phonepe_transactions","Field 13","VARCHAR","0","120926","0","","Reserved field (unused)",""
"phonepe_transactions","Field 14","VARCHAR","0","120926","0","","Reserved field (unused)",""
"phonepe_transactions","Field 15","VARCHAR","0","120926","0","","Reserved field (unused)",""
"phonepe_transactions","Error Code","VARCHAR","72354","120926","25","TXN_AUTO_FAILED; TXN_NOT_ALLOWED; TXN_FREQ_LIMIT_BREACHED","PhonePe error code for failed/errored transactions",""
"phonepe_transactions","Detailed Error Code","VARCHAR","72354","120926","71","ZA; U90; XS","Detailed error sub-code from PhonePe/NPCI",""
"phonepe_transactions","Error Description","VARCHAR","72354","120926","27","Customer hasn't set a UPI PIN.; Customer's bank account is invalid or unregistered; Customer entered wrong PIN too many times.","Human-readable error description",""
"phonepe_transactions","Error Source","VARCHAR","72354","120926","5","NPCI; BUSINESS; CUSTOMER","Source of the error — CUSTOMER (user-side)",""
"phonepe_transactions","Error Stage","VARCHAR","72354","120926","4","OTHERS; AUTHORIZATION; PRE_AUTHENTICATION","Stage at which the error occurred in the payment flow",""
"phonepe_transactions","Currency","VARCHAR","102260","120926","1","INR","Transaction currency (always INR)",""
"phonepe_transactions","Notes","VARCHAR","30624","120926","4681","Payment for wiomcustGen962522187619226227201; Payment for wiomcustGen971105353519225148011; Payment for wiom-custGen_9650249909_192213695_1-1","Payment notes — typically contains Wiom transaction reference",""
"razorpay_transactions","entity_id","VARCHAR","53644","53644","51835","pay_S9o9Z3wh452Gym; pay_S9uNuz9x6qhy1x; pay_S9varJNlJNNnpd","Razorpay entity ID — pay_ prefix for payments",""
"razorpay_transactions","type","VARCHAR","53644","53644","4","settlement; adjustment; refund","Type of ledger entry — payment",""
"razorpay_transactions","debit","DOUBLE","53644","53644","108","164.0; 176995.39; 839.0","Debit amount — money going out (refunds",""
"razorpay_transactions","credit","DOUBLE","53644","53644","573","568.98; 557.49; 482.42","Credit amount — money coming in (customer payments)",""
"razorpay_transactions","amount","DOUBLE","53644","53644","450","5.0; 9.0; 566.0","Absolute transaction amount in INR",""
"razorpay_transactions","currency","VARCHAR","53644","53644","1","INR","Transaction currency (always INR)",""
"razorpay_transactions","fee","DOUBLE","53644","53644","383","0.02; 1.75; 1.06","Razorpay processing fee charged on the transaction in INR",""
"razorpay_transactions","tax","DOUBLE","53644","53644","87","0.28; 0.02; 1.64","GST on the Razorpay processing fee in INR",""
"razorpay_transactions","on_hold","BIGINT","53644","53644","1","0","Whether funds are on hold (0=no hold; all records show 0)",""
"razorpay_transactions","settled","BIGINT","53644","53644","1","1","Whether funds have been settled (1=settled; all records show 1)",""
"razorpay_transactions","created_at","TIMESTAMP","53644","53644","51581","2026-01-30 00:16:40; 2026-01-30 00:27:27; 2026-01-30 06:59:13","Timestamp when the transaction was created",""
"razorpay_transactions","settled_at","DATE","53644","53644","70","2026-02-05; 2026-02-25; 2026-01-31","Date when the transaction was settled to Wiom's bank account",""
"razorpay_transactions","settlement_id","VARCHAR","53576","53644","70","setl_RnnbotxZXPGsuz; setl_RqZMYQZenRDHrt; setl_RuWhUTiL1XimtN","Razorpay settlement batch ID — groups transactions settled together",""
"razorpay_transactions","description","VARCHAR","53576","53644","2","Complete your payment; Credits towards Wiom Partners Wallet","Payment description — indicates customer payment or partner wallet topup",""
"razorpay_transactions","notes","VARCHAR","53576","53644","51766","{""transaction_id"":""wiom-w_8750750979_191874907_1-1; {""transaction_id"":""wiom-custGen_9213173502_1918760; {""transaction_id"":""wiom-w_8595842575_191876303_1-1","JSON field containing Wiom's transaction_id and Juspay txn_uuid for cross-referencing",""
"razorpay_transactions","payment_id","VARCHAR","1076","53644","1066","pay_S0ZSfmrrc1egsM; pay_RHTDR637zowo3i; pay_RxlEA5YV8pmI8N","Original payment ID (only for refund entries — references the payment being refunded)",""
"razorpay_transactions","arn","DOUBLE","1076","53644","1066","602914892477.0; 602915405323.0; 602916979977.0","Acquirer Reference Number for refund tracking (only for refund entries)",""
"razorpay_transactions","settlement_utr","VARCHAR","68","53644","68","AXISCN1242582048; AXISCN1262151101; AXISCN1265987170","Settlement UTR — bank reference for settlement transfer to Wiom's account",""
"razorpay_transactions","order_id","VARCHAR","53576","53644","50867","order_S9nTpqVzDtPo3B; order_S9sx4YIM0ZuDNu; order_S9tkMjrZ5wRJGL","Razorpay order ID",""
"razorpay_transactions","order_receipt","VARCHAR","53576","53644","50867","w_9821149721_191876707_1; custGen_9284208144_191877018_1; w_7838773781_191881067_1","Wiom's order receipt / reference (format: {txn_type}_{mobile}_{id}_{seq})",""
"razorpay_transactions","method","VARCHAR","53576","53644","3","upi; netbanking; card","Payment method used by customer",""
"razorpay_transactions","upi_flow","VARCHAR","0","53644","0","","UPI flow type (not populated in this dataset)",""
"razorpay_transactions","card_network","VARCHAR","397","53644","3","RuPay; MasterCard; Visa","Card network for card payments (rare — mostly UPI)",""
"razorpay_transactions","card_issuer","VARCHAR","397","53644","24","IOBA; DBSS; UCBA","Card issuing bank code",""
"razorpay_transactions","card_type","VARCHAR","397","53644","3","debit; prepaid; credit","Type of card used",""
"razorpay_transactions","dispute_id","VARCHAR","2","53644","2","disp_RqfUtohXxaMJOf; disp_S61iX9lSeoskrO","Razorpay dispute ID (only 2 disputed transactions)",""
"razorpay_transactions","additional_utr","VARCHAR","68","53644","68","UTIBN62026021892290366; UTIBN62026022034807227; UTIBN62026010694779444","Additional UTR for settlement tracking",""
"wiom_booking_transactions","PAYMENT_FLAG","VARCHAR","20785","20785","1","ONLINE","Payment mode flag (all ONLINE — online payments only)",""
"wiom_booking_transactions","BOOKING_TXN_ID","VARCHAR","20785","20785","20784","custGen_9716117117_188120358_0; custGen_8178011065_187859626_0; custGen_9810465460_189763769_1","Wiom booking transaction ID (format: custGen_{mobile}_{id}_{seq})",""
"wiom_booking_transactions","CREATED_ON","VARCHAR","20785","20785","90","Dec 31, 2025; Jan 8, 2026; Dec 21, 2025","Date when the booking was created (Mon DD",""
"wiom_booking_transactions","PAYMENT_GATEWAY_TXN_ID","VARCHAR","20785","20785","20784","wiom-custGen_8448720706_189941530_1-1; wiom-custGen_9354125682_193807383_1-1; wiom-custGen_7982416824_191849935_0-1","Payment gateway transaction reference ID — used to match with PG data",""
"wiom_booking_transactions","PAYMENT_GATEWAY_NAME","VARCHAR","17598","20785","2","PTYBLC; PTYBLI","Payment gateway code — PTYBLI (Juspay BillPay Live)",""
"wiom_booking_transactions","RESULTSTATUS","VARCHAR","17598","20785","1","TXN_SUCCESS","Transaction result status (all TXN_SUCCESS for completed bookings)",""
"wiom_booking_transactions","BOOKING_FEE","BIGINT","20785","20785","3","100; 25; 50","Booking/installation fee charged to customer in INR",""
"wiom_booking_transactions","ACCOUNT_ID","BIGINT","19729","20785","19728","281749855021908; 281749855020449; 281749855023136","Wiom internal customer account ID",""
"wiom_booking_transactions","NASID","BIGINT","19729","20785","19728","281474977396759; 281474977400568; 281474977391717","Network Access Server ID — unique identifier for the customer's CPE/router device",""
"wiom_booking_transactions","PLAN_START_TIME","VARCHAR","19722","20785","106","Dec 7, 2025; Dec 26, 2025; Feb 14, 2026","Date when the customer's plan/service starts",""
"wiom_booking_transactions","NAME","VARCHAR","20783","20785","13665","Hrithik Morwal; Deepak Nagpal; Joginder","Customer name",""
"wiom_booking_transactions","MOBILE","BIGINT","20785","20785","20784","9034503093; 7988051125; 8930537141","Customer mobile number",""
"wiom_booking_transactions","DEVICE_ID","VARCHAR","15866","20785","15866","SY34566; GX164325; GX37170","CPE/router device ID assigned to the customer",""
"wiom_booking_transactions","PARTNER_ACCOUNT_ID","BIGINT","20773","20785","1034","274877942891; 281749854814842; 281749854772723","Wiom internal partner/LCO account ID",""
"wiom_booking_transactions","PARTNER_NAME","VARCHAR","20741","20785","1030","Bharat Digital Network; Tiger Net Muradnagar; Apex Communication","Partner/LCO (Local Cable Operator) business name",""
"wiom_booking_transactions","PARTNER_MOBILE","BIGINT","20741","20785","1031","8909512089; 8510004528; 9310107699","Partner/LCO mobile number",""
"wiom_booking_transactions","ZONE","VARCHAR","20741","20785","18","East Delhi 1; Agra; North West Mumbai","Geographic zone where the customer is located",""
"wiom_booking_transactions","CITY","VARCHAR","20741","20785","23","Firozabad; Aligarh; Hathras","City where the customer is located",""
"wiom_booking_transactions","MIS_CITY","VARCHAR","20741","20785","4","Bharat; Mumbai; Meerut","MIS reporting city — high-level regional grouping",""
"wiom_booking_transactions","PINCODE","VARCHAR","20741","20785","293","247776; 110040; 400070","Customer's PIN code",""
"wiom_booking_transactions","PAN","VARCHAR","20741","20785","995","ATNPY8565A; BRKPS2537J; ADSPV7461P","Partner's PAN (Permanent Account Number) for tax purposes",""
"wiom_booking_transactions","GST","VARCHAR","20741","20785","400","09GBJPD2341R1Z6; 09JCZPS2947N1Z2; 07BLHPA0989D1ZA","Partner's GST registration number",""
"wiom_customer_security_deposit","MOBILE","BIGINT","1501","1501","1501","8449680660; 8745091263; 9899076571","Customer mobile number",""
"wiom_customer_security_deposit","ACCOUNT_ID","BIGINT","1501","1501","1490","281749855033042; 281749855033693; 281749855033461","Wiom internal customer account ID",""
"wiom_customer_security_deposit","NASID","BIGINT","1501","1501","1490","281474977409512; 698861; 281474977408550","Network Access Server ID — customer's CPE/router device",""
"wiom_customer_security_deposit","LCO_ACCOUNT_ID","BIGINT","1501","1501","443","281749854749499; 274877918547; 281749854622584","Partner/LCO account ID who collected the security deposit",""
"wiom_customer_security_deposit","SD_AMOUNT","BIGINT","1501","1501","3","0; 300; 200","Security deposit amount in INR (typically 300)",""
"wiom_customer_security_deposit","SD_TXN_ID","VARCHAR","1501","1501","1490","custGen_8826872131_192967855_0; custGen_9654980081_194534906_0; custGen_9717440925_192715183_1","Security deposit transaction ID",""
"wiom_customer_security_deposit","ADDED_DATE","VARCHAR","1477","1501","40","Feb 14, 2026; Feb 9, 2026; Jan 1, 0001","Date when security deposit was added/collected",""
"wiom_customer_security_deposit","TRANSACTION_ID","VARCHAR","1501","1501","1490","custGen_8826872131_192967855_0; custGen_9654980081_194534906_0; custGen_9717440925_192715183_1","Wiom booking transaction ID linked to the security deposit",""
"wiom_customer_security_deposit","PAYMENT_MODE","VARCHAR","1501","1501","2","ONLINE; OFFLINE","Payment mode — ONLINE (via PG) or OFFLINE (cash collected by partner)",""
"wiom_customer_security_deposit","REFUND_STATUS","BIGINT","16","1501","1","1","Refund status flag (1=refunded; only 16 deposits refunded)",""
"wiom_customer_security_deposit","PAYMENT_GATEWAY_TXN_ID","VARCHAR","1440","1501","1430","wiom-custGen_9315312549_193580736_0-1; wiom-custGen_8586822419_193231066_0-1; wiom-custGen_9289402257_193140699_1-1","Payment gateway transaction reference (for ONLINE payments)",""
"wiom_customer_security_deposit","PAYMENT_GATEWAY_NAME","VARCHAR","1200","1501","2","PTYBLC; PTYBLI","Payment gateway code — same as booking transactions",""
"wiom_customer_security_deposit","RESULTSTATUS","VARCHAR","1200","1501","1","TXN_SUCCESS","Transaction result status",""
"wiom_customer_security_deposit","CREATED_ON","VARCHAR","1501","1501","39","Feb 18, 2026; Feb 2, 2026; Feb 20, 2026","Date when the record was created",""
"wiom_customer_security_deposit","DEVICE_ID","VARCHAR","1400","1501","1390","GX118260; GX48593; GX19634","CPE/router device ID assigned to the customer",""
"wiom_customer_security_deposit","PLAN_START_TIME","VARCHAR","1498","1501","1434","Feb 21, 2026, 07:14; Feb 2, 2026, 11:38; Feb 5, 2026, 09:12","Plan start date and time for the customer",""
"wiom_net_income","TXN_TIME","VARCHAR","744685","744685","133288","Jan 31, 2026, 11:34; Dec 22, 2025, 11:47; Dec 16, 2025, 22:30","Transaction timestamp (Mon DD",""
"wiom_net_income","TXN_DT","VARCHAR","744685","744685","105","Dec 26, 2025; Jan 21, 2026; Mar 7, 2026","Transaction date (Mon DD",""
"wiom_net_income","YR_MNTH","VARCHAR","744685","744685","4","2025-12; 2026-03; 2026-02","Year-Month of the transaction (YYYY-MM format)",""
"wiom_net_income","STATE","VARCHAR","744685","744685","5","HR; Other; MH","State code where the transaction occurred",""
"wiom_net_income","CITY","VARCHAR","744685","744685","24","Delhi; Muzaffarnagar; Baraut","City where the transaction occurred",""
"wiom_net_income","MIS_CITY","VARCHAR","744685","744685","4","Mumbai; Meerut; Delhi","MIS reporting city — high-level regional grouping",""
"wiom_net_income","ZONE","VARCHAR","744498","744685","45","East Delhi 1; East Delhi 2 + Noida; Agra","Geographic zone (composite zone names with ++ separator)",""
"wiom_net_income","PARTNER_ID","BIGINT","744510","744685","1301","281749854639785; 281749854657088; 274877951093","Partner/LCO account ID",""
"wiom_net_income","MOBILE","BIGINT","744685","744685","152421","9120884539; 9310435792; 9110164702","Customer mobile number",""
"wiom_net_income","NAS_ID","BIGINT","744685","744685","84530","281474977090125; 281474977277808; 281474977164315","Network Access Server ID — customer's CPE/router device",""
"wiom_net_income","TXN_ID","VARCHAR","744685","744685","744685","w_9911569877_190302106_1; w_8709464607_193510479_1; w_9263707028_189524386_0","Transaction ID (format: w_{mobile}_{id}_{seq})",""
"wiom_net_income","MODE","VARCHAR","744685","744685","1","online","Payment mode (all online)",""
"wiom_net_income","AMOUNT","BIGINT","744685","744685","6","5; 9; 10","Net income amount per transaction in INR (small values: 4-18)",""
"wiom_net_income","OTP","VARCHAR","744685","744685","1","DONE","OTP verification status (all DONE)",""
"wiom_net_income","PARTNER","VARCHAR","744498","744685","1298","SmartFiber Internet Pvt Ltd; Choudhary Broadband - Ganesh Nagar 2; Laxmi Kumari","Partner/LCO business name",""
"wiom_net_income","RECHARGE_NUMBER","BIGINT","744685","744685","594","13; 23; 19","Sequential recharge count for the customer",""
"wiom_net_income","REV_MODE","VARCHAR","744685","744685","2","Retentions; Installs","Revenue mode — Retentions (renewals) or Installs (new customers)",""
"wiom_net_income","DUPS","BIGINT","744685","744685","1","1","Duplicate flag (all 1 — indicates unique/no duplicates)",""
"wiom_ott_transactions","BILL_ID","BIGINT","381","381","1","0","Bill ID (all zero — not used for OTT transactions)",""
"wiom_ott_transactions","NASID","VARCHAR","0","381","0","","Network Access Server ID (not populated for OTT)",""
"wiom_ott_transactions","UPDATEDATE","TIMESTAMP","381","381","381","2026-03-05 18:20:59; 2026-02-03 14:49:05; 2025-12-11 05:33:11","Timestamp when the OTT transaction record was last updated",""
"wiom_ott_transactions","DISCOUNT","BIGINT","381","381","1","0","Discount amount (all zero)",""
"wiom_ott_transactions","PID","BIGINT","381","381","1","0","Product ID (all zero)",""
"wiom_ott_transactions","RSP_MSG","VARCHAR","0","381","0","","Response message (not populated)",""
"wiom_ott_transactions","SOURCE","VARCHAR","0","381","0","","Source channel (not populated)",""
"wiom_ott_transactions","WEB_PAYMENT_FLOW","VARCHAR","0","381","0","","Web payment flow type (not populated)",""
"wiom_ott_transactions","PAYMENTDETAIL","VARCHAR","0","381","0","","Payment details (not populated)",""
"wiom_ott_transactions","GST_NO","VARCHAR","0","381","0","","GST number (not populated)",""
"wiom_ott_transactions","DELIVERYADDRESS","VARCHAR","0","381","0","","Delivery address (not populated)",""
"wiom_ott_transactions","PLAN_END_DATE","VARCHAR","0","381","0","","Plan end date (not populated)",""
"wiom_ott_transactions","PAID_BY","VARCHAR","381","381","1","CX_TEAM_LINK","Who initiated the OTT payment — all via CX (Customer Experience) team link",""
"wiom_ott_transactions","PLAN_START_DATE","VARCHAR","0","381","0","","Plan start date (not populated)",""
"wiom_ott_transactions","PAYMENTSTATUS","BIGINT","381","381","1","1","Payment status (1=successful; all successful)",""
"wiom_ott_transactions","CREATEDATE","TIMESTAMP","381","381","381","2025-12-10 11:18:20.019; 2026-02-19 16:52:53.992; 2026-02-14 03:44:33.644","Timestamp when the OTT transaction was created",""
"wiom_ott_transactions","TRANSACTION_ID","VARCHAR","381","381","381","cxTeam_8423801330_188572617_0; cxTeam_9205511274_189006994_0; cxTeam_8447400317_192792825_0","OTT transaction ID (format: cxTeam_{mobile}_{id}_{seq})",""
"wiom_ott_transactions","COUPON_CODE","VARCHAR","0","381","0","","Coupon code applied (not used)",""
"wiom_ott_transactions","REFUND_STATUS","VARCHAR","0","381","0","","Refund status (not populated)",""
"wiom_ott_transactions","QUANTITY","BIGINT","381","381","1","0","Quantity (all zero)",""
"wiom_ott_transactions","TOTAL_PRICE","BIGINT","381","381","14","32; 12; 49","Total OTT subscription price in INR",""
"wiom_ott_transactions","INVOICE_NO","VARCHAR","0","381","0","","Invoice number (not populated)",""
"wiom_ott_transactions","PAYMENT_STATUS","BIGINT","381","381","1","1","Payment status (1=successful)",""
"wiom_ott_transactions","MOBILE","BIGINT","381","381","291","9990318396; 8076516785; 8178984815","Customer mobile number",""
"wiom_ott_transactions","UNIT_PRICE","VARCHAR","0","381","0","","Unit price (not populated)",""
"wiom_ott_transactions","PAY_AMMOUNT","BIGINT","381","381","14","21; 77; 15","Amount paid by customer in INR",""
"wiom_ott_transactions","PAYMENT_TYPE","BIGINT","381","381","1","12","Payment type code (12 = OTT subscription)",""
"wiom_ott_transactions","BILLINGADDRESS","VARCHAR","0","381","0","","Billing address (not populated)",""
"wiom_ott_transactions","ORDER_ID","VARCHAR","381","381","381","ordeh_f5aa8b73e8034a39979615210e7f8674; ordeh_91943f9a23cf4cbeb1fc417a33498617; ordeh_8a6ef95f3030412b99623b29bb866eb7","Juspay order ID for the OTT transaction",""
"wiom_ott_transactions","TXN_STATUS","VARCHAR","0","381","0","","Transaction status (not populated — use PAYMENTSTATUS instead)",""
"wiom_ott_transactions","EXTRA_PARAM","VARCHAR","381","381","381","{
  ""epg_txn_id"": ""2025120821055000020471129268713; {
  ""epg_txn_id"": ""2025122721049000021180948740985; {
  ""epg_txn_id"": ""2026012621049000022236760341541","JSON blob containing full payment gateway response — includes PG details and metadata",""
"wiom_ott_transactions","STATUS","VARCHAR","0","381","0","","Status field (not populated)",""
"wiom_ott_transactions","PAYMENT_MODE","VARCHAR","0","381","0","","Payment mode (not populated)",""
"wiom_ott_transactions","DT","DATE","381","381","96","2026-01-20; 2026-01-11; 2026-02-17","Transaction date (date only)",""
"wiom_primary_revenue","TRANSACTION_ID","VARCHAR","660895","660895","660895","custWgSubs_9667654709_193253666_0; custGen_9871065869_193417335_1; custWgSubs_7827141818_193272535_0","Wiom recharge transaction ID (format: {type}_{mobile}_{id}_{seq})",""
"wiom_primary_revenue","RECHARGE_DT","VARCHAR","660895","660895","305","Mar 7, 2026; Oct 5, 2025; Sep 18, 2025","Date of the recharge transaction",""
"wiom_primary_revenue","MOBILE","VARCHAR","660895","660895","183038","9958865583; 9315836676; 7372048752","Customer mobile number (VARCHAR due to some _ARCHIVED suffixed values)",""
"wiom_primary_revenue","NAS_ID","VARCHAR","660895","660895","179319","455269; 281474977225814; 331965","Network Access Server ID — customer's CPE/router device identifier",""
"wiom_primary_revenue","CUST_ID","VARCHAR","660895","660895","179318","281749854884129; 281749854868630; 281749854883688","Wiom internal customer account ID",""
"wiom_primary_revenue","PLAN_STRT_TIME","VARCHAR","660895","660895","155672","Nov 13, 2025, 17:59; Nov 13, 2025, 08:50; Nov 13, 2025, 09:00","Plan start date and time",""
"wiom_primary_revenue","PLAN_END_TIME","VARCHAR","660895","660895","164132","Feb 5, 2026, 17:00; Dec 11, 2025, 19:26; Dec 11, 2025, 21:57","Plan end date and time",""
"wiom_primary_revenue","PARTNER_ID","VARCHAR","660895","660895","1394","281749854783479; 281749854627511; 281749854691192","Partner/LCO account ID",""
"wiom_primary_revenue","PARTNER_NAME","VARCHAR","660895","660895","1392","Colours Net-2; JMD Technology; Aditya Digital Cable Network","Partner/LCO business name",""
"wiom_primary_revenue","STATE","VARCHAR","660895","660895","4","HR; MH; DL","State code where customer is located",""
"wiom_primary_revenue","CITY","VARCHAR","660895","660895","23","Shamli; Delhi; Muzaffarnagar","City where customer is located",""
"wiom_primary_revenue","MIS_CITY","VARCHAR","660895","660895","4","Mumbai; Meerut; Delhi","MIS reporting city — high-level regional grouping",""
"wiom_primary_revenue","ZONE","VARCHAR","660895","660895","53","West Delhi; Prayagraj; Gorakhpur","Geographic zone",""
"wiom_primary_revenue","PAN","VARCHAR","660895","660895","1340","AIWPA0370M; AHHPN2641N; QBUPK3911F","Partner's PAN number",""
"wiom_primary_revenue","GST","VARCHAR","641598","660895","538","07BFPPS1438R1ZI; 07ANCPC9492R1Z9; 07AMRPS7701H3ZJ","Partner's GST number",""
"wiom_primary_revenue","PLAN_TAKEN","BIGINT","660895","660895","52","550; 1650; 6429","Plan amount / MRP of the plan taken in INR",""
"wiom_primary_revenue","TOTALBILL","BIGINT","660895","660895","51","1596; 0; 305","Total billed amount including penalty in INR",""
"wiom_primary_revenue","PENALTY","BIGINT","660895","660895","62","41; 109; 98","Late payment penalty amount in INR",""
"wiom_primary_revenue","DISCOUNT","BIGINT","660895","660895","251","34; 41; 72","Discount applied on the recharge in INR",""
"wiom_primary_revenue","TOTALPAID","BIGINT","660895","660895","652","555; 488; 535","Total amount paid by customer after penalty and discount in INR",""
"wiom_primary_revenue","MODE","VARCHAR","660895","660895","2","cash; online","Payment mode — online (via PG) or cash (collected by partner)",""
"wiom_primary_revenue","PLAN_TYPE","VARCHAR","660895","660895","2","non-delight; delight","Plan category — delight (premium/higher-value plans) or non-delight (standard)",""
"wiom_primary_revenue","LTP_FLAG","VARCHAR","660895","660895","2","ltp; non-ltp","Long Term Plan flag — ltp (annual/long-term plan) or non-ltp (monthly/short-term)",""
"wiom_primary_revenue","FIXED_BONUS_DT","VARCHAR","512720","660895","118","Dec 9, 2025; Jan 20, 2026; Dec 8, 2025","Date when fixed bonus was credited to partner",""
"wiom_primary_revenue","FIXED_BONUS","DOUBLE","660895","660895","19","646.8; 588.0; 265.6","Fixed commission/bonus amount paid to partner in INR",""
"wiom_primary_revenue","RATING_BONUS1_DT","VARCHAR","0","660895","0","","Rating bonus 1 date (not populated in this period)",""
"wiom_primary_revenue","RATING_BONUS1","VARCHAR","0","660895","0","","Rating bonus 1 amount (not populated in this period)",""
"wiom_primary_revenue","RATING_BONUS2_DT","VARCHAR","288571","660895","12","Mar 16, 2025; Feb 16, 2026; Feb 16, 2025","Date when rating bonus 2 was credited to partner",""
"wiom_primary_revenue","RATING_BONUS2","DOUBLE","288571","660895","13","113.99; 12.0; 58.8","Rating-based bonus amount paid to partner in INR",""
"wiom_primary_revenue","WORK_BONUS_DT","VARCHAR","381739","660895","9","Mar 1, 2026; Apr 1, 2025; Feb 11, 2026","Date when work bonus was credited to partner",""
"wiom_primary_revenue","WORK_BONUS","BIGINT","381739","660895","2","0; 30","Work bonus amount in INR (0 or 30)",""
"wiom_primary_revenue","DEVICE_BONUS_DT","VARCHAR","381602","660895","8","Apr 1, 2025; Mar 1, 2025; Mar 1, 2026","Date when device bonus was credited to partner",""
"wiom_primary_revenue","DEVICE_BONUS","BIGINT","381602","660895","2","0; 30","Device maintenance bonus in INR (0 or 30)",""
"wiom_primary_revenue","TOTAL_COMMISSION","DOUBLE","660895","660895","133","294.0; 390.0; 336.6","Total commission paid to partner (sum of all bonuses) in INR",""
"wiom_primary_revenue","ROUTER_RENT_MINLOGIC","DOUBLE","660895","660895","607","82.0; 198.0; 171.0","Router rent calculated using minimum logic in INR",""
"wiom_primary_revenue","ROUTER_RENT_200","BIGINT","660895","660895","5","600; 200; 2400","Standard router rent amount in INR (fixed tiers)",""
"wiom_primary_revenue","ROUTER_RENT_TOTALPAIDNETOFFTOTALCOMM","DOUBLE","660895","660895","3208","480.0; 1201.0; 259.0","Router rent = TOTALPAID minus TOTAL_COMMISSION in INR",""
"wiom_primary_revenue","ROUTER_RENT_TOTALPAIDNETOFFFIXEDBONUS","DOUBLE","660895","660895","1854","495.0; 567.0; 545.0","Router rent = TOTALPAID minus FIXED_BONUS in INR",""
"wiom_primary_revenue","PASS_ON_REVENUE","DOUBLE","660895","660895","633","370.0; 331.0; 294.0","Revenue passed on to Wiom (after partner commission deduction) in INR",""
"wiom_primary_revenue","SPL_INCENTIVE","DOUBLE","660895","660895","2260","-220.0; -278.0; -339.0","Special incentive amount in INR (negative = cost to Wiom)",""
"wiom_primary_revenue","RECHARGE_COUNT","BIGINT","660895","660895","72","41; 34; 72","Sequential recharge count for the customer",""
"wiom_primary_revenue","REV_TYPE","VARCHAR","660895","660895","2","Installs; Retentions","Revenue type — Retentions (existing customer renewal) or Installs (new customer)",""
"wiom_primary_revenue","MIGRATION_FLAG","VARCHAR","5876","660895","1","migration","Flag for migrated customers (from legacy system)",""
"wiom_primary_revenue","NEGATIVE_ROUTER_RENT_FLAG","BIGINT","660895","660895","2","0; 1","Flag indicating if router rent calculation went negative (1=yes)",""
"wiom_topup_income","DATETIME","VARCHAR","625184","625184","114503","Mar 13, 2026, 12:34; Mar 13, 2026, 12:36; Mar 13, 2026, 13:05","Timestamp of the wallet topup/transaction (Mon DD",""
"wiom_topup_income","TRANSACTION_ID","VARCHAR","625184","625184","598992","ISP-281749854661165-2026-01-20T01-31-48-355676Z; ISP-281749854803080-20260312T224409Z; ISP-281749854655254-20260313T040841Z","Transaction ID — format varies by action type (ISP-{id}-{timestamp} for system actions)",""
"wiom_topup_income","ACTION","VARCHAR","625184","625184","12","AMOUNT_WITHDRAWN; INSTALLATION_REWARD; RATING_BONUS_ADDED_V2","Action type — ADD_BALANCE (recharge credit)",""
"wiom_topup_income","REMARK","VARCHAR","619413","625184","376996","264.60, for 8882449632, for DeviceId GX73476; 264.60, for 9315412540, for DeviceId SY071443; 264.60, for 9899239107, for DeviceId SY20344","Remark/description — contains amount details or reference numbers",""
"wiom_topup_income","AMOUNT","DOUBLE","625184","625184","9255","-94.0; -2999.0; 4528.0","Transaction amount in INR — positive (credit to wallet) or negative (debit from wallet)",""
"wiom_topup_income","LNG_ID","BIGINT","625184","625184","1389","281749854617611; 281749854657881; 281749854726622","Partner/LCO account ID (same as PARTNER_ID in other tables)",""
"wiom_topup_income","FINANCE_REMARKS","VARCHAR","625184","625184","17","Lottery; Amount Withdrawn; Cash Collected By Partner","Finance classification — Amount Withdrawn",""
"wiom_topup_income","PARTNER_NAME","VARCHAR","625184","625184","1386","Jatin Cable Net & Broadband; JYOTI CABLE; SS Net","Partner/LCO business name",""
"wiom_topup_income","MIS_CITY","VARCHAR","625184","625184","4","Mumbai; Meerut; Delhi","MIS reporting city — high-level regional grouping",""
"wiom_topup_income","STATE","VARCHAR","625184","625184","4","UP; HR; MH","State code where the partner operates",""
